date,temp_celsius,rainfall_mm,humidity_percent
2019-01-01,10.7,0.0,62
2019-01-02,12.5,0.0,63
2019-01-03,13.1,1.8,79
2019-01-04,15.5,0.0,79
2019-01-05,18.7,0.6,82
2019-01-06,18.6,1.1,81
2019-01-07,19.0,2.2,88
2019-01-08,16.7,9.1,89
2019-01-09,13.3,11.4,91
2019-01-10,15.4,5.1,92
2019-01-11,18.0,0.5,91
2019-01-12,19.8,1.0,89
2019-01-13,20.6,0.7,88
2019-01-14,20.6,1.3,91
2019-01-15,18.1,1.6,81
2019-01-16,12.7,5.3,79
2019-01-17,13.0,0.0,72
2019-01-18,14.9,0.0,76
2019-01-19,18.1,0.1,84
2019-01-20,19.7,4.6,89
2019-01-21,14.1,7.5,73
2019-01-22,15.3,0.0,60
2019-01-23,15.5,0.0,76
2019-01-24,17.2,0.0,81
2019-01-25,19.3,1.1,87
2019-01-26,18.8,2.6,85
2019-01-27,18.0,0.3,81
2019-01-28,18.0,0.1,87
2019-01-29,19.8,0.6,87
2019-01-30,21.1,1.3,85
2019-01-31,20.9,1.9,86
2019-02-01,20.1,0.2,82
2019-02-02,20.0,0.0,83
2019-02-03,21.8,0.2,85
2019-02-04,22.3,1.2,87
2019-02-05,23.0,0.7,84
2019-02-06,23.6,0.4,83
2019-02-07,23.6,0.3,86
2019-02-08,23.8,0.2,85
2019-02-09,24.0,0.2,83
2019-02-10,23.5,2.3,85
2019-02-11,20.1,5.1,85
2019-02-12,21.0,1.1,82
2019-02-13,22.1,0.7,87
2019-02-14,22.6,2.4,84
2019-02-15,23.1,3.6,84
2019-02-16,23.7,1.4,86
2019-02-17,21.9,15.8,94
2019-02-18,23.3,1.0,84
2019-02-19,23.9,0.4,85
2019-02-20,25.3,1.1,84
2019-02-21,24.3,1.6,82
2019-02-22,17.8,10.5,83
2019-02-23,16.3,9.1,89
2019-02-24,15.2,1.2,75
2019-02-25,16.8,0.9,79
2019-02-26,18.4,0.8,83
2019-02-27,21.3,0.8,87
2019-02-28,23.1,1.6,87
2019-03-01,23.7,1.7,87
2019-03-02,24.3,0.3,85
2019-03-03,22.5,1.6,86
2019-03-04,23.2,1.3,83
2019-03-05,25.6,0.2,84
2019-03-06,20.7,6.0,83
2019-03-07,18.0,4.4,83
2019-03-08,18.0,1.5,84
2019-03-09,19.4,0.4,81
2019-03-10,18.1,0.4,74
2019-03-11,19.9,0.0,75
2019-03-12,20.4,0.0,80
2019-03-13,22.3,0.4,83
2019-03-14,23.1,7.0,89
2019-03-15,19.1,2.1,80
2019-03-16,18.5,1.9,86
2019-03-17,19.8,2.8,89
2019-03-18,20.0,3.0,90
2019-03-19,22.6,4.2,90
2019-03-20,24.7,0.7,87
2019-03-21,26.0,0.0,85
2019-03-22,25.8,0.0,86
2019-03-23,20.1,14.0,83
2019-03-24,16.7,4.3,81
2019-03-25,18.4,0.8,79
2019-03-26,21.4,0.0,85
2019-03-27,23.2,0.2,86
2019-03-28,24.8,0.4,87
2019-03-29,24.4,5.7,88
2019-03-30,25.1,0.8,84
2019-03-31,25.9,2.5,86
2019-04-01,22.0,83.6,86
2019-04-02,22.6,2.6,87
2019-04-03,24.1,3.4,91
2019-04-04,24.1,2.6,89
2019-04-05,22.7,4.9,87
2019-04-06,24.5,1.2,85
2019-04-07,26.0,1.2,87
2019-04-08,26.6,0.5,87
2019-04-09,27.9,0.0,84
2019-04-10,27.9,0.2,85
2019-04-11,27.9,0.4,84
2019-04-12,26.1,15.3,85
2019-04-13,27.4,2.2,87
2019-04-14,26.8,25.2,88
2019-04-15,24.0,28.6,88
2019-04-16,23.2,16.5,88
2019-04-17,24.8,0.5,87
2019-04-18,28.1,0.6,87
2019-04-19,29.1,0.0,84
2019-04-20,30.0,0.0,80
2019-04-21,29.5,0.0,82
2019-04-22,29.5,0.0,83
2019-04-23,28.6,0.3,85
2019-04-24,29.0,0.0,83
2019-04-25,28.6,0.2,84
2019-04-26,28.0,0.6,84
2019-04-27,28.1,4.8,82
2019-04-28,27.9,3.3,84
2019-04-29,28.9,0.3,81
2019-04-30,26.9,14.3,86
2019-05-01,24.4,6.1,74
2019-05-02,24.8,0.2,82
2019-05-03,24.7,4.1,87
2019-05-04,25.8,9.1,88
2019-05-05,28.5,1.1,85
2019-05-06,27.9,12.7,87
2019-05-07,26.2,23.9,90
2019-05-08,24.7,23.5,88
2019-05-09,22.7,2.4,83
2019-05-10,24.0,0.5,80
2019-05-11,25.8,1.7,86
2019-05-12,27.6,1.2,84
2019-05-13,28.2,2.0,84
2019-05-14,28.0,5.9,88
2019-05-15,29.5,0.1,81
2019-05-16,30.4,0.0,77
2019-05-17,31.5,0.0,70
2019-05-18,32.5,0.0,67
2019-05-19,32.6,0.0,68
2019-05-20,29.3,5.1,81
2019-05-21,25.6,10.3,84
2019-05-22,25.7,1.6,84
2019-05-23,27.3,3.1,84
2019-05-24,27.9,7.1,85
2019-05-25,29.4,2.4,81
2019-05-26,30.1,9.2,79
2019-05-27,28.1,12.9,89
2019-05-28,26.8,40.1,91
2019-05-29,25.2,33.2,91
2019-05-30,26.7,12.2,88
2019-05-31,25.4,31.2,95
2019-06-01,24.7,35.3,91
2019-06-02,26.3,0.4,81
2019-06-03,28.3,2.1,83
2019-06-04,28.8,8.1,84
2019-06-05,30.1,0.2,79
2019-06-06,30.3,1.2,81
2019-06-07,29.6,1.4,86
2019-06-08,30.6,0.0,79
2019-06-09,31.6,0.0,74
2019-06-10,32.0,1.1,72
2019-06-11,31.0,4.9,80
2019-06-12,31.4,0.3,81
2019-06-13,30.3,0.5,83
2019-06-14,28.9,10.6,89
2019-06-15,29.9,0.6,83
2019-06-16,31.8,1.2,76
2019-06-17,30.1,16.5,82
2019-06-18,28.1,24.3,90
2019-06-19,29.4,6.2,86
2019-06-20,31.2,0.1,78
2019-06-21,32.2,0.0,74
2019-06-22,32.7,0.0,73
2019-06-23,32.1,5.3,78
2019-06-24,27.7,54.7,91
2019-06-25,30.0,28.9,83
2019-06-26,30.8,3.5,83
2019-06-27,31.7,0.0,76
2019-06-28,32.6,0.0,68
2019-06-29,32.7,1.6,69
2019-06-30,29.1,5.8,84
2019-07-01,29.3,3.6,84
2019-07-02,28.8,36.0,87
2019-07-03,29.3,44.7,83
2019-07-04,28.2,15.5,85
2019-07-05,30.1,0.7,79
2019-07-06,31.1,0.0,76
2019-07-07,31.5,0.0,73
2019-07-08,32.2,0.0,70
2019-07-09,30.7,4.9,76
2019-07-10,27.4,28.1,85
2019-07-11,28.7,6.6,85
2019-07-12,30.9,0.0,76
2019-07-13,31.7,0.2,75
2019-07-14,29.7,0.1,84
2019-07-15,29.2,6.7,87
2019-07-16,29.4,1.0,86
2019-07-17,30.3,1.9,82
2019-07-18,31.2,0.0,80
2019-07-19,32.0,2.0,78
2019-07-20,30.9,3.2,79
2019-07-21,30.7,0.4,83
2019-07-22,30.4,6.4,82
2019-07-23,29.0,8.3,86
2019-07-24,27.9,8.2,90
2019-07-25,27.3,7.8,91
2019-07-26,28.3,7.8,87
2019-07-27,29.9,0.3,83
2019-07-28,29.7,4.0,83
2019-07-29,28.4,34.3,88
2019-07-30,27.6,23.1,88
2019-07-31,27.7,25.8,88
2019-08-01,28.1,20.3,88
2019-08-02,27.8,40.4,86
2019-08-03,26.2,137.0,91
2019-08-04,26.6,18.4,91
2019-08-05,26.8,13.3,89
2019-08-06,28.6,4.6,84
2019-08-07,30.2,0.2,83
2019-08-08,29.9,17.7,86
2019-08-09,29.3,2.7,85
2019-08-10,29.9,2.0,85
2019-08-11,30.5,1.1,81
2019-08-12,31.3,0.0,80
2019-08-13,31.9,0.0,74
2019-08-14,31.4,2.0,75
2019-08-15,30.4,10.4,81
2019-08-16,28.3,16.9,89
2019-08-17,28.0,28.4,89
2019-08-18,29.0,1.5,86
2019-08-19,29.1,8.4,88
2019-08-20,27.5,16.5,89
2019-08-21,26.8,15.2,92
2019-08-22,26.5,39.1,92
2019-08-23,26.8,26.1,91
2019-08-24,27.6,4.4,89
2019-08-25,29.4,0.4,85
2019-08-26,28.8,1.9,87
2019-08-27,28.1,5.0,89
2019-08-28,28.0,6.1,88
2019-08-29,29.8,12.0,81
2019-08-30,26.4,64.1,92
2019-08-31,26.1,15.0,90
2019-09-01,26.1,27.0,90
2019-09-02,27.5,2.4,77
2019-09-03,27.7,0.8,77
2019-09-04,27.7,5.0,80
2019-09-05,29.1,1.3,79
2019-09-06,29.3,0.0,82
2019-09-07,29.6,1.9,82
2019-09-08,29.4,22.9,86
2019-09-09,28.4,36.3,89
2019-09-10,27.8,36.2,92
2019-09-11,27.2,23.4,90
2019-09-12,27.5,4.2,87
2019-09-13,28.4,0.2,84
2019-09-14,28.5,0.0,83
2019-09-15,28.7,0.3,83
2019-09-16,28.2,3.9,86
2019-09-17,28.6,1.7,86
2019-09-18,27.2,42.9,91
2019-09-19,26.7,20.7,90
2019-09-20,27.4,1.7,84
2019-09-21,27.2,0.0,66
2019-09-22,26.3,0.0,63
2019-09-23,25.0,0.0,67
2019-09-24,25.2,0.0,67
2019-09-25,25.9,0.0,70
2019-09-26,25.8,0.0,72
2019-09-27,26.1,0.0,65
2019-09-28,26.3,0.0,72
2019-09-29,26.6,0.0,73
2019-09-30,27.2,0.0,72
2019-10-01,27.3,0.0,71
2019-10-02,27.2,2.6,84
2019-10-03,26.4,7.9,86
2019-10-04,26.2,10.6,88
2019-10-05,26.3,7.2,88
2019-10-06,26.6,1.3,86
2019-10-07,26.5,6.4,86
2019-10-08,24.9,25.1,91
2019-10-09,24.8,10.4,92
2019-10-10,26.2,3.2,86
2019-10-11,26.9,1.7,87
2019-10-12,27.1,1.5,85
2019-10-13,26.5,3.8,85
2019-10-14,25.4,5.6,78
2019-10-15,24.5,5.1,80
2019-10-16,25.6,0.6,81
2019-10-17,24.8,29.4,89
2019-10-18,22.8,1.3,76
2019-10-19,24.0,0.0,76
2019-10-20,24.8,0.7,84
2019-10-21,25.3,2.2,86
2019-10-22,26.7,0.0,81
2019-10-23,26.4,7.9,86
2019-10-24,22.0,37.6,88
2019-10-25,23.3,0.3,84
2019-10-26,24.3,0.1,87
2019-10-27,25.3,1.6,85
2019-10-28,21.3,2.8,81
2019-10-29,21.7,0.0,71
2019-10-30,21.0,0.0,66
2019-10-31,21.4,0.0,64
2019-11-01,20.4,17.8,87
2019-11-02,21.9,10.6,89
2019-11-03,23.8,0.3,82
2019-11-04,23.3,0.0,67
2019-11-05,21.7,0.0,68
2019-11-06,22.1,0.0,77
2019-11-07,22.7,0.0,68
2019-11-08,21.4,0.0,66
2019-11-09,20.9,0.0,71
2019-11-10,21.0,0.0,75
2019-11-11,21.5,0.0,78
2019-11-12,22.8,0.0,81
2019-11-13,23.8,18.5,89
2019-11-14,20.7,0.0,70
2019-11-15,21.4,0.0,80
2019-11-16,23.7,0.0,84
2019-11-17,25.5,0.3,83
2019-11-18,22.5,8.9,82
2019-11-19,17.1,1.7,78
2019-11-20,19.5,0.4,76
2019-11-21,19.9,0.1,82
2019-11-22,21.1,0.0,81
2019-11-23,22.7,0.1,84
2019-11-24,23.2,0.8,87
2019-11-25,23.0,0.2,77
2019-11-26,20.9,0.0,73
2019-11-27,22.1,2.0,82
2019-11-28,18.4,1.3,66
2019-11-29,19.3,0.0,65
2019-11-30,20.0,0.5,82
2019-12-01,19.1,6.5,79
2019-12-02,17.0,0.0,51
2019-12-03,15.6,0.0,52
2019-12-04,16.3,0.0,51
2019-12-05,16.9,0.0,43
2019-12-06,15.8,0.0,43
2019-12-07,14.5,0.0,50
2019-12-08,14.2,0.0,52
2019-12-09,15.0,0.0,57
2019-12-10,15.1,0.0,63
2019-12-11,15.9,0.0,58
2019-12-12,16.3,0.0,69
2019-12-13,18.8,0.0,80
2019-12-14,19.7,0.2,86
2019-12-15,22.0,0.6,85
2019-12-16,21.9,0.1,84
2019-12-17,22.2,0.7,87
2019-12-18,23.1,2.0,88
2019-12-19,19.9,8.5,80
2019-12-20,16.4,2.3,79
2019-12-21,16.5,3.5,90
2019-12-22,16.6,3.8,86
2019-12-23,19.2,2.0,90
2019-12-24,21.2,6.0,92
2019-12-25,22.7,0.4,84
2019-12-26,19.8,4.8,82
2019-12-27,14.7,2.4,72
2019-12-28,16.7,0.0,68
2019-12-29,18.9,0.0,77
2019-12-30,20.0,0.2,83
2019-12-31,20.5,0.4,78
2020-01-01,20.0,6.4,88
2020-01-02,21.2,0.4,84
2020-01-03,21.5,1.9,87
2020-01-04,21.2,3.2,88
2020-01-05,21.5,1.7,86
2020-01-06,22.0,1.6,86
2020-01-07,22.4,6.0,87
2020-01-08,22.7,0.9,84
2020-01-09,23.1,0.2,82
2020-01-10,23.4,0.2,79
2020-01-11,20.5,4.3,83
2020-01-12,15.6,2.1,73
2020-01-13,18.3,0.6,80
2020-01-14,20.6,1.8,88
2020-01-15,21.8,1.1,84
2020-01-16,20.8,5.7,85
2020-01-17,15.6,3.0,79
2020-01-18,16.4,2.8,86
2020-01-19,14.8,5.6,84
2020-01-20,15.9,1.4,84
2020-01-21,19.4,0.2,84
2020-01-22,21.4,1.0,87
2020-01-23,22.6,1.2,86
2020-01-24,22.0,8.7,92
2020-01-25,16.4,32.0,88
2020-01-26,14.5,1.0,65
2020-01-27,14.0,2.9,65
2020-01-28,14.3,0.2,63
2020-01-29,13.7,2.3,68
2020-01-30,14.5,0.0,67
2020-01-31,15.6,0.0,71
2020-02-01,15.6,1.9,88
2020-02-02,19.0,1.3,88
2020-02-03,17.7,16.4,94
2020-02-04,14.5,8.0,88
2020-02-05,15.5,3.9,89
2020-02-06,18.4,3.0,91
2020-02-07,19.3,18.3,96
2020-02-08,17.0,9.1,86
2020-02-09,14.8,3.5,80
2020-02-10,16.6,0.5,76
2020-02-11,19.5,2.0,86
2020-02-12,21.3,5.0,91
2020-02-13,22.2,6.2,93
2020-02-14,23.8,1.4,88
2020-02-15,24.1,2.8,82
2020-02-16,16.2,0.9,51
2020-02-17,16.6,0.0,46
2020-02-18,16.6,0.0,47
2020-02-19,16.5,0.0,70
2020-02-20,19.1,1.5,86
2020-02-21,20.1,0.9,84
2020-02-22,19.7,0.0,81
2020-02-23,19.8,0.0,80
2020-02-24,20.0,0.1,81
2020-02-25,21.1,0.5,83
2020-02-26,21.7,0.0,81
2020-02-27,21.5,0.3,84
2020-02-28,22.6,0.2,81
2020-02-29,22.8,0.2,82
2020-03-01,23.4,1.7,87
2020-03-02,23.2,2.7,87
2020-03-03,22.6,25.2,91
2020-03-04,17.8,50.8,89
2020-03-05,16.1,1.6,84
2020-03-06,19.3,0.1,84
2020-03-07,21.6,0.0,86
2020-03-08,24.4,0.1,86
2020-03-09,25.1,0.0,82
2020-03-10,22.2,0.0,64
2020-03-11,20.6,0.1,71
2020-03-12,23.2,0.3,82
2020-03-13,24.9,2.3,87
2020-03-14,20.5,6.2,79
2020-03-15,20.0,1.2,82
2020-03-16,22.1,1.4,87
2020-03-17,23.0,8.9,93
2020-03-18,19.7,5.5,90
2020-03-19,19.8,6.9,90
2020-03-20,21.6,0.2,84
2020-03-21,24.1,1.0,88
2020-03-22,25.0,0.4,88
2020-03-23,24.7,1.9,86
2020-03-24,24.3,4.3,87
2020-03-25,24.3,10.6,90
2020-03-26,25.6,1.4,86
2020-03-27,26.5,0.6,85
2020-03-28,24.0,13.0,89
2020-03-29,24.5,6.9,88
2020-03-30,19.9,7.6,88
2020-03-31,19.2,3.7,84
2020-04-01,20.3,1.7,84
2020-04-02,22.1,7.8,94
2020-04-03,23.2,12.6,94
2020-04-04,19.2,12.5,91
2020-04-05,17.9,5.6,85
2020-04-06,18.3,2.4,83
2020-04-07,19.5,3.4,80
2020-04-08,21.0,1.0,83
2020-04-09,22.5,0.0,81
2020-04-10,23.6,0.0,86
2020-04-11,25.5,1.2,86
2020-04-12,19.2,12.0,78
2020-04-13,16.7,1.7,78
2020-04-14,18.0,0.0,79
2020-04-15,20.3,0.0,84
2020-04-16,23.3,1.0,88
2020-04-17,24.5,1.2,89
2020-04-18,25.8,0.0,86
2020-04-19,25.8,0.0,87
2020-04-20,26.4,0.2,87
2020-04-21,26.8,0.1,87
2020-04-22,23.6,45.7,91
2020-04-23,19.3,13.0,86
2020-04-24,17.1,11.0,85
2020-04-25,18.9,0.5,81
2020-04-26,20.1,1.2,77
2020-04-27,22.2,0.0,77
2020-04-28,23.3,0.0,76
2020-04-29,23.6,0.0,81
2020-04-30,24.3,0.0,83
2020-05-01,24.8,0.3,86
2020-05-02,26.0,0.2,85
2020-05-03,27.3,0.5,85
2020-05-04,28.7,0.0,83
2020-05-05,29.1,0.0,82
2020-05-06,29.7,0.0,78
2020-05-07,30.4,0.0,78
2020-05-08,30.6,0.0,78
2020-05-09,31.3,0.0,78
2020-05-10,30.6,0.0,78
2020-05-11,29.5,0.3,80
2020-05-12,25.8,27.2,89
2020-05-13,27.1,5.6,87
2020-05-14,27.9,0.5,84
2020-05-15,29.1,0.2,82
2020-05-16,29.3,0.5,81
2020-05-17,27.8,27.6,88
2020-05-18,28.2,3.6,84
2020-05-19,28.3,12.0,85
2020-05-20,30.5,0.0,82
2020-05-21,32.2,0.0,73
2020-05-22,30.1,0.5,75
2020-05-23,27.9,21.6,84
2020-05-24,29.0,7.0,84
2020-05-25,30.2,19.4,82
2020-05-26,27.2,12.6,79
2020-05-27,26.3,5.5,79
2020-05-28,27.0,0.4,81
2020-05-29,28.2,0.1,81
2020-05-30,29.3,1.8,83
2020-05-31,30.0,0.0,76
2020-06-01,29.8,11.2,78
2020-06-02,30.6,0.5,74
2020-06-03,30.4,1.7,73
2020-06-04,31.1,2.6,75
2020-06-05,31.0,0.0,75
2020-06-06,31.1,1.1,75
2020-06-07,32.6,0.0,62
2020-06-08,32.5,0.0,62
2020-06-09,32.0,0.0,64
2020-06-10,29.8,15.4,81
2020-06-11,30.1,0.4,80
2020-06-12,31.3,0.0,74
2020-06-13,31.0,9.8,75
2020-06-14,27.7,34.2,90
2020-06-15,27.4,34.1,88
2020-06-16,29.4,11.2,81
2020-06-17,29.8,2.7,76
2020-06-18,29.9,0.6,75
2020-06-19,29.5,5.2,82
2020-06-20,30.2,0.6,78
2020-06-21,31.5,0.0,74
2020-06-22,32.3,0.0,69
2020-06-23,32.2,0.3,71
2020-06-24,32.2,0.2,71
2020-06-25,30.9,0.7,79
2020-06-26,31.8,1.2,70
2020-06-27,32.0,0.2,69
2020-06-28,31.7,0.0,70
2020-06-29,31.2,1.3,72
2020-06-30,30.2,8.4,81
2020-07-01,30.1,7.8,83
2020-07-02,28.7,25.2,88
2020-07-03,28.6,16.4,85
2020-07-04,28.5,15.2,87
2020-07-05,29.1,8.6,85
2020-07-06,30.6,1.0,77
2020-07-07,31.1,2.6,75
2020-07-08,32.1,0.0,70
2020-07-09,32.6,0.0,65
2020-07-10,32.3,0.0,66
2020-07-11,31.2,0.0,68
2020-07-12,30.3,0.8,73
2020-07-13,30.7,2.6,77
2020-07-14,30.1,1.4,80
2020-07-15,31.6,0.1,72
2020-07-16,31.4,0.4,72
2020-07-17,32.4,0.1,65
2020-07-18,32.8,0.1,64
2020-07-19,32.6,0.3,67
2020-07-20,29.8,7.8,81
2020-07-21,29.1,11.7,82
2020-07-22,29.8,0.9,77
2020-07-23,30.5,0.1,75
2020-07-24,30.7,0.2,75
2020-07-25,31.1,0.0,74
2020-07-26,31.3,1.3,73
2020-07-27,29.6,9.6,83
2020-07-28,28.8,23.0,85
2020-07-29,28.9,11.8,85
2020-07-30,30.1,1.7,78
2020-07-31,29.7,3.6,83
2020-08-01,28.3,20.0,85
2020-08-02,26.6,34.8,91
2020-08-03,26.7,27.1,92
2020-08-04,26.0,62.5,95
2020-08-05,26.5,59.0,93
2020-08-06,26.4,49.7,94
2020-08-07,27.6,9.0,89
2020-08-08,28.8,0.9,85
2020-08-09,29.4,9.1,86
2020-08-10,30.3,9.3,83
2020-08-11,30.4,0.6,81
2020-08-12,29.9,4.6,83
2020-08-13,27.5,21.4,91
2020-08-14,26.3,17.4,92
2020-08-15,27.8,1.5,83
2020-08-16,27.2,23.3,88
2020-08-17,26.0,17.6,90
2020-08-18,25.7,53.0,93
2020-08-19,26.0,12.4,93
2020-08-20,26.6,11.9,91
2020-08-21,26.3,13.0,92
2020-08-22,27.4,5.9,89
2020-08-23,28.1,3.6,88
2020-08-24,29.0,15.4,85
2020-08-25,29.3,0.1,82
2020-08-26,30.1,0.9,82
2020-08-27,30.3,0.0,83
2020-08-28,29.8,2.7,84
2020-08-29,29.2,7.9,86
2020-08-30,29.2,9.1,88
2020-08-31,29.1,2.4,87
2020-09-01,30.1,0.0,79
2020-09-02,30.4,0.1,79
2020-09-03,29.7,12.8,85
2020-09-04,29.5,0.9,84
2020-09-05,29.6,1.1,83
2020-09-06,30.1,23.6,84
2020-09-07,26.9,26.1,93
2020-09-08,27.1,11.2,89
2020-09-09,27.0,18.2,92
2020-09-10,28.0,9.1,89
2020-09-11,27.7,21.7,91
2020-09-12,27.3,26.4,92
2020-09-13,27.4,12.8,90
2020-09-14,27.5,11.3,88
2020-09-15,28.2,11.7,88
2020-09-16,28.5,11.1,87
2020-09-17,28.6,9.1,88
2020-09-18,25.7,9.6,75
2020-09-19,24.4,93.4,87
2020-09-20,25.1,72.6,91
2020-09-21,26.5,8.2,90
2020-09-22,26.7,27.9,92
2020-09-23,26.1,73.2,94
2020-09-24,25.2,11.1,87
2020-09-25,26.6,37.6,90
2020-09-26,27.2,35.2,90
2020-09-27,25.6,17.9,91
2020-09-28,26.1,2.1,87
2020-09-29,27.5,2.3,88
2020-09-30,27.4,13.3,89
2020-10-01,26.5,36.9,91
2020-10-02,27.1,14.6,89
2020-10-03,27.1,12.4,90
2020-10-04,27.5,6.9,89
2020-10-05,26.7,23.8,90
2020-10-06,24.7,1.2,77
2020-10-07,23.8,0.0,71
2020-10-08,23.2,0.0,68
2020-10-09,23.0,0.0,68
2020-10-10,22.7,0.0,72
2020-10-11,22.9,0.0,73
2020-10-12,24.7,0.0,70
2020-10-13,26.4,1.4,65
2020-10-14,22.8,82.8,88
2020-10-15,22.5,52.5,90
2020-10-16,24.0,5.6,74
2020-10-17,22.5,0.4,63
2020-10-18,20.9,11.3,75
2020-10-19,20.7,1.3,69
2020-10-20,20.9,2.1,70
2020-10-21,21.9,0.0,63
2020-10-22,22.0,0.0,61
2020-10-23,21.6,0.0,59
2020-10-24,21.1,0.0,67
2020-10-25,21.2,2.5,73
2020-10-26,21.9,4.3,84
2020-10-27,24.2,0.0,84
2020-10-28,24.9,3.5,79
2020-10-29,22.1,10.0,79
2020-10-30,21.1,6.6,85
2020-10-31,22.2,0.1,86
2020-11-01,24.1,0.0,83
2020-11-02,23.4,1.7,79
2020-11-03,21.7,0.0,63
2020-11-04,21.2,0.0,70
2020-11-05,21.9,0.0,79
2020-11-06,22.8,0.3,81
2020-11-07,23.2,0.0,70
2020-11-08,23.5,0.0,60
2020-11-09,22.2,0.0,56
2020-11-10,21.2,0.0,54
2020-11-11,21.8,0.0,56
2020-11-12,22.1,0.0,58
2020-11-13,21.6,0.0,60
2020-11-14,22.0,0.0,54
2020-11-15,19.9,14.7,83
2020-11-16,20.6,45.1,93
2020-11-17,23.4,4.6,89
2020-11-18,24.8,0.0,85
2020-11-19,24.7,0.0,88
2020-11-20,24.9,0.4,87
2020-11-21,25.0,0.6,86
2020-11-22,24.6,2.2,90
2020-11-23,24.4,4.0,86
2020-11-24,23.0,1.2,82
2020-11-25,23.0,0.9,85
2020-11-26,23.4,1.8,84
2020-11-27,21.8,0.1,73
2020-11-28,19.3,0.0,64
2020-11-29,17.7,0.0,57
2020-11-30,17.7,0.0,58
2020-12-01,18.5,0.0,60
2020-12-02,18.8,0.0,64
2020-12-03,18.8,0.0,57
2020-12-04,16.2,0.0,56
2020-12-05,14.4,0.0,63
2020-12-06,15.3,0.0,71
2020-12-07,16.8,0.0,71
2020-12-08,16.8,0.0,67
2020-12-09,17.2,0.0,74
2020-12-10,18.7,0.0,75
2020-12-11,19.5,0.0,79
2020-12-12,20.2,0.8,85
2020-12-13,22.2,0.0,86
2020-12-14,18.6,13.2,90
2020-12-15,12.2,2.2,78
2020-12-16,12.1,0.3,67
2020-12-17,12.3,0.0,66
2020-12-18,12.5,0.0,60
2020-12-19,13.7,0.0,49
2020-12-20,13.8,0.0,48
2020-12-21,13.7,0.0,54
2020-12-22,15.6,0.0,55
2020-12-23,16.7,0.2,65
2020-12-24,17.4,0.1,68
2020-12-25,17.7,0.0,71
2020-12-26,18.1,0.0,85
2020-12-27,19.9,2.0,91
2020-12-28,21.4,1.3,88
2020-12-29,22.3,2.0,84
2020-12-30,16.3,0.2,43
2020-12-31,12.7,0.0,42
2021-01-01,12.1,0.0,46
2021-01-02,12.5,0.0,65
2021-01-03,13.7,0.0,66
2021-01-04,15.8,0.0,59
2021-01-05,16.0,0.0,70
2021-01-06,17.3,0.0,60
2021-01-07,14.2,0.2,62
2021-01-08,9.6,0.3,55
2021-01-09,10.1,0.0,42
2021-01-10,11.1,0.0,37
2021-01-11,11.8,0.0,32
2021-01-12,12.5,0.0,42
2021-01-13,14.9,0.0,49
2021-01-14,15.4,0.0,70
2021-01-15,16.0,0.0,83
2021-01-16,18.1,0.5,79
2021-01-17,14.9,4.8,68
2021-01-18,14.2,0.0,45
2021-01-19,14.6,0.0,72
2021-01-20,16.2,0.0,80
2021-01-21,17.8,0.5,83
2021-01-22,18.8,0.0,77
2021-01-23,19.1,0.0,76
2021-01-24,19.4,0.0,81
2021-01-25,20.4,4.0,88
2021-01-26,20.1,0.5,84
2021-01-27,19.2,0.0,83
2021-01-28,17.7,0.7,70
2021-01-29,18.3,0.0,61
2021-01-30,18.0,0.4,79
2021-01-31,18.8,1.0,83
2021-02-01,20.3,0.0,80
2021-02-02,19.5,0.9,85
2021-02-03,20.2,0.0,81
2021-02-04,19.9,0.5,82
2021-02-05,20.0,0.1,81
2021-02-06,19.9,0.0,79
2021-02-07,21.2,0.0,76
2021-02-08,20.5,7.8,82
2021-02-09,16.5,33.7,90
2021-02-10,17.2,0.0,77
2021-02-11,18.1,0.0,76
2021-02-12,18.4,0.0,77
2021-02-13,18.9,0.0,74
2021-02-14,19.9,0.0,76
2021-02-15,20.4,0.4,81
2021-02-16,20.9,1.0,83
2021-02-17,19.5,0.4,67
2021-02-18,20.1,0.0,71
2021-02-19,20.3,0.0,70
2021-02-20,19.6,0.0,71
2021-02-21,20.6,0.0,72
2021-02-22,20.9,0.6,81
2021-02-23,21.7,0.2,78
2021-02-24,21.8,0.2,80
2021-02-25,22.9,0.8,83
2021-02-26,23.1,2.3,85
2021-02-27,17.7,6.8,79
2021-02-28,18.6,6.6,92
2021-03-01,22.0,8.2,89
2021-03-02,18.4,1.4,62
2021-03-03,17.7,10.0,80
2021-03-04,18.2,1.2,86
2021-03-05,21.0,0.6,87
2021-03-06,23.9,0.2,84
2021-03-07,20.8,4.3,77
2021-03-08,22.3,2.0,84
2021-03-09,22.9,0.4,86
2021-03-10,23.1,1.0,84
2021-03-11,23.1,1.3,84
2021-03-12,22.9,0.3,85
2021-03-13,22.4,1.2,86
2021-03-14,22.2,0.3,83
2021-03-15,23.2,0.9,83
2021-03-16,23.4,1.2,88
2021-03-17,23.8,1.0,87
2021-03-18,24.1,0.8,85
2021-03-19,24.8,0.7,84
2021-03-20,24.7,1.9,87
2021-03-21,18.8,8.8,77
2021-03-22,16.8,0.0,55
2021-03-23,17.5,0.0,62
2021-03-24,19.1,0.0,79
2021-03-25,21.0,1.5,88
2021-03-26,22.8,1.7,90
2021-03-27,24.2,1.2,89
2021-03-28,24.4,2.3,90
2021-03-29,26.0,0.0,86
2021-03-30,27.1,0.0,83
2021-03-31,27.7,0.0,80
2021-04-01,26.9,0.0,83
2021-04-02,26.6,0.6,86
2021-04-03,25.2,3.4,92
2021-04-04,24.3,5.9,88
2021-04-05,22.7,4.6,84
2021-04-06,23.3,1.1,86
2021-04-07,24.3,1.0,87
2021-04-08,24.3,13.1,89
2021-04-09,20.1,2.1,80
2021-04-10,20.8,2.4,87
2021-04-11,24.4,1.9,85
2021-04-12,25.1,0.8,87
2021-04-13,25.3,0.2,86
2021-04-14,25.5,0.3,86
2021-04-15,25.5,2.8,90
2021-04-16,25.8,3.8,86
2021-04-17,22.2,15.9,92
2021-04-18,22.6,3.6,87
2021-04-19,25.3,2.3,88
2021-04-20,26.8,1.5,87
2021-04-21,27.1,3.0,86
2021-04-22,27.3,2.2,86
2021-04-23,27.6,1.9,84
2021-04-24,28.1,1.1,85
2021-04-25,26.4,17.0,91
2021-04-26,23.0,41.1,92
2021-04-27,22.5,5.6,87
2021-04-28,22.9,14.1,88
2021-04-29,21.4,3.1,81
2021-04-30,23.1,0.0,82
2021-05-01,24.7,4.9,87
2021-05-02,26.2,7.1,91
2021-05-03,27.5,4.4,86
2021-05-04,28.3,0.0,82
2021-05-05,25.5,21.6,92
2021-05-06,26.0,0.2,83
2021-05-07,27.3,0.2,84
2021-05-08,27.3,0.0,84
2021-05-09,28.1,0.1,84
2021-05-10,29.4,0.0,82
2021-05-11,30.1,0.0,79
2021-05-12,30.4,0.0,78
2021-05-13,29.1,13.3,83
2021-05-14,29.4,0.4,81
2021-05-15,30.4,0.0,78
2021-05-16,30.6,0.0,79
2021-05-17,29.9,0.6,80
2021-05-18,29.9,1.0,81
2021-05-19,30.8,0.4,77
2021-05-20,31.2,0.7,75
2021-05-21,31.0,1.1,76
2021-05-22,31.7,0.5,72
2021-05-23,30.7,1.2,79
2021-05-24,27.5,23.6,80
2021-05-25,25.6,21.9,85
2021-05-26,27.6,3.5,87
2021-05-27,28.5,1.9,85
2021-05-28,28.8,1.6,84
2021-05-29,30.4,0.1,79
2021-05-30,31.4,1.6,75
2021-05-31,31.8,0.0,74
2021-06-01,32.9,0.0,69
2021-06-02,32.5,0.0,72
2021-06-03,33.1,1.3,70
2021-06-04,27.0,6.6,74
2021-06-05,27.4,0.2,73
2021-06-06,28.1,13.8,82
2021-06-07,27.8,16.4,87
2021-06-08,26.9,29.0,90
2021-06-09,27.3,13.3,89
2021-06-10,27.5,26.8,89
2021-06-11,27.2,20.6,91
2021-06-12,27.8,23.0,87
2021-06-13,27.3,15.7,87
2021-06-14,28.9,2.9,80
2021-06-15,29.8,0.4,74
2021-06-16,31.2,0.0,72
2021-06-17,31.6,0.0,69
2021-06-18,31.8,0.0,70
2021-06-19,32.5,0.0,65
2021-06-20,33.0,0.0,63
2021-06-21,33.0,0.0,65
2021-06-22,30.7,4.8,77
2021-06-23,29.1,13.5,83
2021-06-24,29.2,10.8,85
2021-06-25,28.7,12.8,87
2021-06-26,29.8,1.8,81
2021-06-27,31.6,0.0,69
2021-06-28,31.6,0.0,69
2021-06-29,31.0,0.3,76
2021-06-30,31.3,0.7,73
2021-07-01,31.3,0.0,68
2021-07-02,31.8,0.0,66
2021-07-03,31.7,0.0,71
2021-07-04,31.4,0.7,77
2021-07-05,29.8,6.6,82
2021-07-06,29.4,2.2,82
2021-07-07,28.5,16.1,87
2021-07-08,27.3,30.7,89
2021-07-09,27.8,6.4,86
2021-07-10,28.1,2.8,84
2021-07-11,28.8,0.4,80
2021-07-12,29.5,0.0,78
2021-07-13,29.8,1.0,80
2021-07-14,30.1,0.2,78
2021-07-15,29.7,1.0,77
2021-07-16,30.0,0.1,77
2021-07-17,30.3,0.0,77
2021-07-18,29.0,7.1,85
2021-07-19,28.3,15.0,88
2021-07-20,27.3,15.5,89
2021-07-21,28.1,0.3,86
2021-07-22,28.0,12.5,90
2021-07-23,26.6,76.1,95
2021-07-24,28.3,6.0,87
2021-07-25,29.2,8.0,87
2021-07-26,29.0,2.5,85
2021-07-27,29.9,0.3,82
2021-07-28,29.7,1.0,86
2021-07-29,29.0,12.5,89
2021-07-30,29.9,1.5,85
2021-07-31,30.9,22.4,81
2021-08-01,26.6,28.5,94
2021-08-02,29.2,0.3,85
2021-08-03,29.9,0.7,84
2021-08-04,31.2,0.7,79
2021-08-05,31.9,0.0,76
2021-08-06,32.2,0.0,72
2021-08-07,32.4,0.0,70
2021-08-08,31.2,0.0,79
2021-08-09,30.4,17.4,84
2021-08-10,27.9,32.4,93
2021-08-11,27.7,35.7,93
2021-08-12,28.7,6.3,87
2021-08-13,30.0,0.4,82
2021-08-14,29.4,12.5,86
2021-08-15,27.3,19.4,91
2021-08-16,28.6,17.0,85
2021-08-17,29.3,4.7,83
2021-08-18,29.5,6.3,85
2021-08-19,28.4,9.8,86
2021-08-20,28.8,9.0,86
2021-08-21,30.0,1.1,84
2021-08-22,30.8,0.0,80
2021-08-23,30.6,3.0,80
2021-08-24,29.2,15.3,88
2021-08-25,28.7,2.1,85
2021-08-26,27.6,10.3,89
2021-08-27,26.8,8.8,88
2021-08-28,26.3,6.0,89
2021-08-29,27.0,2.8,87
2021-08-30,27.6,1.5,85
2021-08-31,27.9,1.9,86
2021-09-01,28.1,3.7,85
2021-09-02,27.0,11.7,88
2021-09-03,27.7,7.3,87
2021-09-04,27.7,10.3,88
2021-09-05,26.8,10.8,90
2021-09-06,27.9,2.7,87
2021-09-07,27.4,16.2,88
2021-09-08,26.5,19.5,88
2021-09-09,26.7,7.6,89
2021-09-10,28.4,0.0,82
2021-09-11,29.6,0.0,79
2021-09-12,30.5,0.1,79
2021-09-13,28.8,8.0,88
2021-09-14,26.7,33.1,91
2021-09-15,26.7,14.3,90
2021-09-16,26.9,4.4,88
2021-09-17,27.8,0.9,87
2021-09-18,28.4,0.9,86
2021-09-19,28.7,0.0,82
2021-09-20,27.8,3.8,88
2021-09-21,27.8,4.4,86
2021-09-22,26.2,2.4,90
2021-09-23,26.8,10.9,90
2021-09-24,26.0,26.1,92
2021-09-25,25.8,28.2,92
2021-09-26,26.1,16.6,91
2021-09-27,26.2,10.0,90
2021-09-28,27.7,0.0,83
2021-09-29,28.3,0.1,83
2021-09-30,28.7,0.1,82
2021-10-01,28.3,2.6,85
2021-10-02,27.8,0.2,83
2021-10-03,27.3,0.0,82
2021-10-04,27.2,1.2,87
2021-10-05,27.1,8.1,87
2021-10-06,27.5,1.6,85
2021-10-07,28.6,1.2,78
2021-10-08,28.8,0.0,63
2021-10-09,25.6,19.7,78
2021-10-10,23.7,122.5,91
2021-10-11,22.7,68.5,87
2021-10-12,24.4,0.0,63
2021-10-13,23.4,31.8,73
2021-10-14,21.4,36.0,85
2021-10-15,21.6,12.8,89
2021-10-16,21.3,3.3,77
2021-10-17,21.3,0.2,64
2021-10-18,19.2,7.8,86
2021-10-19,21.7,16.3,90
2021-10-20,25.6,0.0,85
2021-10-21,22.2,29.1,78
2021-10-22,19.8,0.1,60
2021-10-23,19.8,0.0,64
2021-10-24,20.3,0.0,70
2021-10-25,21.3,0.0,74
2021-10-26,22.1,0.0,78
2021-10-27,23.4,0.0,73
2021-10-28,22.3,12.9,81
2021-10-29,21.6,47.2,93
2021-10-30,20.3,18.5,89
2021-10-31,21.1,10.3,89
2021-11-01,22.1,9.3,88
2021-11-02,22.0,5.7,88
2021-11-03,23.3,0.4,86
2021-11-04,25.1,0.3,84
2021-11-05,26.1,0.0,83
2021-11-06,26.1,0.2,84
2021-11-07,25.4,15.2,88
2021-11-08,17.9,6.9,64
2021-11-09,18.1,0.0,57
2021-11-10,18.6,0.0,59
2021-11-11,19.2,0.0,67
2021-11-12,20.8,0.0,64
2021-11-13,20.2,0.0,63
2021-11-14,19.9,0.0,68
2021-11-15,20.9,0.0,77
2021-11-16,20.7,1.2,88
2021-11-17,21.1,0.2,78
2021-11-18,19.7,0.0,68
2021-11-19,20.7,0.4,82
2021-11-20,23.6,0.8,85
2021-11-21,24.8,7.1,86
2021-11-22,19.2,0.8,67
2021-11-23,16.9,0.0,58
2021-11-24,17.4,1.9,60
2021-11-25,17.8,0.2,78
2021-11-26,19.4,0.0,73
2021-11-27,20.4,0.0,63
2021-11-28,19.3,0.0,69
2021-11-29,20.8,0.0,68
2021-11-30,20.9,0.0,57
2021-12-01,17.8,0.0,55
2021-12-02,16.3,0.0,59
2021-12-03,16.4,0.0,61
2021-12-04,16.8,0.0,63
2021-12-05,17.3,0.0,66
2021-12-06,17.3,0.0,63
2021-12-07,16.9,0.0,65
2021-12-08,18.3,0.3,67
2021-12-09,19.2,1.4,80
2021-12-10,20.5,0.0,78
2021-12-11,20.4,0.1,82
2021-12-12,19.9,0.1,75
2021-12-13,18.0,0.0,61
2021-12-14,17.5,0.0,75
2021-12-15,18.2,0.2,89
2021-12-16,20.1,1.0,88
2021-12-17,21.0,0.3,66
2021-12-18,18.2,0.0,49
2021-12-19,17.1,0.0,48
2021-12-20,18.6,0.0,52
2021-12-21,19.0,0.0,59
2021-12-22,18.6,0.0,69
2021-12-23,19.0,0.0,76
2021-12-24,19.4,0.3,85
2021-12-25,20.4,3.3,82
2021-12-26,17.9,1.8,70
2021-12-27,12.1,0.2,60
2021-12-28,13.5,0.0,63
2021-12-29,15.2,0.1,68
2021-12-30,15.8,0.2,66
2021-12-31,16.0,0.1,70
2022-01-01,17.0,0.0,73
2022-01-02,17.3,0.0,70
2022-01-03,17.8,0.0,78
2022-01-04,18.2,0.1,85
2022-01-05,19.9,0.4,86
2022-01-06,20.4,1.0,86
2022-01-07,20.1,1.2,82
2022-01-08,19.5,1.3,79
2022-01-09,14.9,4.3,82
2022-01-10,16.1,1.1,82
2022-01-11,15.8,0.5,67
2022-01-12,16.2,0.0,79
2022-01-13,15.8,1.5,79
2022-01-14,17.3,0.0,76
2022-01-15,18.8,0.2,86
2022-01-16,19.8,3.0,85
2022-01-17,14.4,5.1,81
2022-01-18,16.5,0.0,69
2022-01-19,15.9,0.0,74
2022-01-20,16.3,2.2,83
2022-01-21,17.2,12.1,91
2022-01-22,19.0,3.6,90
2022-01-23,20.7,0.5,90
2022-01-24,21.7,1.8,88
2022-01-25,20.8,1.7,82
2022-01-26,21.0,0.6,85
2022-01-27,21.8,2.7,87
2022-01-28,22.0,0.4,83
2022-01-29,16.0,17.4,81
2022-01-30,12.6,0.8,70
2022-01-31,12.1,4.1,79
2022-02-01,12.3,0.0,71
2022-02-02,11.8,2.2,77
2022-02-03,12.6,0.0,67
2022-02-04,13.3,0.0,66
2022-02-05,14.2,6.6,67
2022-02-06,13.9,11.0,88
2022-02-07,17.5,0.7,84
2022-02-08,16.5,4.4,89
2022-02-09,13.2,3.6,83
2022-02-10,14.8,1.0,83
2022-02-11,17.5,1.1,87
2022-02-12,16.1,4.0,91
2022-02-13,13.5,11.6,87
2022-02-14,15.4,0.2,70
2022-02-15,15.7,0.5,83
2022-02-16,17.1,0.5,88
2022-02-17,20.2,0.0,88
2022-02-18,21.8,26.0,94
2022-02-19,12.2,21.3,85
2022-02-20,8.4,23.3,84
2022-02-21,10.2,0.0,69
2022-02-22,11.3,0.0,60
2022-02-23,12.2,0.0,56
2022-02-24,12.4,0.0,64
2022-02-25,13.5,0.0,74
2022-02-26,16.0,0.0,76
2022-02-27,17.8,0.0,77
2022-02-28,18.2,0.0,84
2022-03-01,19.9,0.6,87
2022-03-02,21.3,0.2,81
2022-03-03,20.9,0.0,83
2022-03-04,21.5,0.2,87
2022-03-05,21.9,0.3,87
2022-03-06,22.3,1.9,91
2022-03-07,21.1,13.4,77
2022-03-08,18.9,0.0,76
2022-03-09,18.9,0.2,84
2022-03-10,20.5,0.1,81
2022-03-11,21.5,0.0,81
2022-03-12,22.0,0.1,83
2022-03-13,22.2,0.5,86
2022-03-14,22.2,0.3,87
2022-03-15,23.9,0.1,81
2022-03-16,22.7,13.0,89
2022-03-17,23.8,0.3,87
2022-03-18,24.2,0.0,87
2022-03-19,23.7,0.6,88
2022-03-20,25.4,0.2,85
2022-03-21,26.0,0.5,84
2022-03-22,26.9,26.6,84
2022-03-23,18.3,19.7,84
2022-03-24,19.2,0.5,86
2022-03-25,23.8,0.0,86
2022-03-26,26.1,0.0,86
2022-03-27,21.6,1.5,70
2022-03-28,20.1,6.3,68
2022-03-29,20.3,0.0,83
2022-03-30,22.5,2.2,90
2022-03-31,23.8,6.1,86
2022-04-01,19.1,7.2,70
2022-04-02,17.6,0.2,60
2022-04-03,18.1,0.0,64
2022-04-04,18.8,0.0,67
2022-04-05,20.0,0.0,70
2022-04-06,21.7,0.0,71
2022-04-07,23.2,0.0,70
2022-04-08,22.7,0.0,71
2022-04-09,22.4,0.0,74
2022-04-10,23.1,0.0,77
2022-04-11,23.4,0.3,83
2022-04-12,24.4,0.7,85
2022-04-13,25.7,0.0,80
2022-04-14,25.7,0.0,81
2022-04-15,25.6,2.3,87
2022-04-16,23.0,12.4,87
2022-04-17,18.6,3.8,84
2022-04-18,18.3,1.8,79
2022-04-19,20.3,0.0,73
2022-04-20,20.6,0.0,82
2022-04-21,22.1,0.5,85
2022-04-22,24.9,0.8,85
2022-04-23,26.2,0.3,87
2022-04-24,27.3,0.1,84
2022-04-25,28.6,0.0,80
2022-04-26,28.9,0.0,81
2022-04-27,28.2,0.3,83
2022-04-28,28.0,0.5,84
2022-04-29,27.5,1.5,84
2022-04-30,27.7,8.9,83
2022-05-01,21.3,6.0,68
2022-05-02,22.2,0.0,57
2022-05-03,22.8,0.0,62
2022-05-04,23.5,0.0,66
2022-05-05,23.9,0.0,75
2022-05-06,24.6,0.3,81
2022-05-07,25.7,1.1,85
2022-05-08,25.9,2.7,85
2022-05-09,26.3,8.3,86
2022-05-10,26.6,24.5,90
2022-05-11,27.7,8.2,87
2022-05-12,26.8,16.6,90
2022-05-13,26.8,32.5,86
2022-05-14,25.8,2.9,83
2022-05-15,24.8,7.5,79
2022-05-16,21.6,1.3,69
2022-05-17,23.1,0.0,68
2022-05-18,23.9,0.0,78
2022-05-19,25.4,0.3,82
2022-05-20,25.9,5.6,87
2022-05-21,24.8,8.6,93
2022-05-22,25.1,24.1,92
2022-05-23,25.5,35.5,93
2022-05-24,24.8,25.0,92
2022-05-25,26.8,8.2,88
2022-05-26,27.6,3.5,89
2022-05-27,26.8,24.5,91
2022-05-28,27.1,34.1,90
2022-05-29,28.0,9.2,88
2022-05-30,27.3,22.7,90
2022-05-31,26.5,4.4,88
2022-06-01,28.1,0.8,87
2022-06-02,29.2,5.6,84
2022-06-03,30.4,0.1,76
2022-06-04,31.1,0.1,70
2022-06-05,30.4,0.4,75
2022-06-06,27.5,3.1,84
2022-06-07,26.8,16.5,88
2022-06-08,27.3,21.3,89
2022-06-09,27.4,13.6,89
2022-06-10,29.3,9.6,85
2022-06-11,26.8,21.6,93
2022-06-12,29.7,1.3,83
2022-06-13,29.9,55.0,78
2022-06-14,26.6,18.9,88
2022-06-15,27.1,5.4,86
2022-06-16,28.5,18.2,85
2022-06-17,30.5,0.0,74
2022-06-18,31.2,0.0,68
2022-06-19,31.3,0.0,66
2022-06-20,31.8,0.0,66
2022-06-21,31.8,0.0,67
2022-06-22,31.0,10.1,71
2022-06-23,28.6,27.9,84
2022-06-24,29.8,0.6,78
2022-06-25,29.6,0.0,75
2022-06-26,30.0,0.8,76
2022-06-27,31.5,0.0,71
2022-06-28,31.7,0.3,71
2022-06-29,29.1,5.2,83
2022-06-30,27.4,22.3,86
2022-07-01,27.9,5.2,85
2022-07-02,29.3,25.8,85
2022-07-03,30.0,22.6,82
2022-07-04,30.3,15.6,82
2022-07-05,29.5,30.9,88
2022-07-06,28.4,12.5,87
2022-07-07,27.5,18.3,90
2022-07-08,27.2,10.4,87
2022-07-09,27.3,14.6,87
2022-07-10,27.8,6.7,86
2022-07-11,28.3,16.6,86
2022-07-12,28.1,8.4,85
2022-07-13,27.7,5.6,88
2022-07-14,27.6,4.5,87
2022-07-15,28.4,1.8,85
2022-07-16,30.0,0.5,80
2022-07-17,31.4,0.2,78
2022-07-18,31.7,22.5,76
2022-07-19,30.1,0.1,83
2022-07-20,28.4,13.0,85
2022-07-21,27.2,23.2,88
2022-07-22,26.8,7.5,88
2022-07-23,28.2,1.2,84
2022-07-24,29.5,0.0,81
2022-07-25,29.5,0.0,79
2022-07-26,29.3,0.0,80
2022-07-27,29.4,0.0,80
2022-07-28,29.8,0.0,78
2022-07-29,29.8,0.1,79
2022-07-30,28.0,27.0,89
2022-07-31,27.7,19.6,88
2022-08-01,27.9,14.6,87
2022-08-02,28.9,0.9,84
2022-08-03,29.7,0.3,81
2022-08-04,29.8,3.0,83
2022-08-05,27.3,17.6,89
2022-08-06,26.0,33.2,92
2022-08-07,26.3,13.4,91
2022-08-08,27.1,8.7,88
2022-08-09,27.3,12.6,87
2022-08-10,27.9,13.2,86
2022-08-11,25.9,71.8,93
2022-08-12,25.1,40.3,95
2022-08-13,26.9,4.2,90
2022-08-14,27.7,8.9,87
2022-08-15,28.2,2.1,86
2022-08-16,29.1,0.8,84
2022-08-17,28.7,7.3,86
2022-08-18,29.0,0.7,85
2022-08-19,29.2,5.7,86
2022-08-20,26.8,28.2,90
2022-08-21,26.5,17.3,90
2022-08-22,28.3,2.0,85
2022-08-23,29.1,2.8,87
2022-08-24,29.1,9.1,86
2022-08-25,28.2,69.1,90
2022-08-26,27.3,87.8,89
2022-08-27,28.4,12.1,81
2022-08-28,29.3,1.1,83
2022-08-29,29.3,0.8,83
2022-08-30,29.4,0.0,80
2022-08-31,29.4,0.1,81
2022-09-01,26.9,16.5,88
2022-09-02,28.5,2.9,82
2022-09-03,28.6,10.2,83
2022-09-04,27.5,30.7,84
2022-09-05,28.8,0.0,72
2022-09-06,28.6,0.0,74
2022-09-07,27.6,17.9,82
2022-09-08,25.0,34.6,94
2022-09-09,25.2,29.8,92
2022-09-10,26.6,18.6,86
2022-09-11,27.4,4.8,84
2022-09-12,26.7,7.4,88
2022-09-13,28.2,0.1,81
2022-09-14,28.4,0.0,81
2022-09-15,28.1,10.3,84
2022-09-16,26.6,29.5,92
2022-09-17,26.4,19.6,91
2022-09-18,28.3,0.4,85
2022-09-19,29.2,0.0,80
2022-09-20,28.9,0.3,82
2022-09-21,26.1,31.3,90
2022-09-22,24.9,27.7,93
2022-09-23,26.5,1.4,85
2022-09-24,26.0,12.0,85
2022-09-25,25.2,20.4,89
2022-09-26,27.0,0.3,85
2022-09-27,28.1,0.1,78
2022-09-28,25.8,20.8,82
2022-09-29,25.0,25.4,90
2022-09-30,25.4,25.3,91
2022-10-01,24.4,45.2,96
2022-10-02,25.4,17.4,91
2022-10-03,25.8,4.5,87
2022-10-04,26.5,4.3,87
2022-10-05,26.5,2.0,87
2022-10-06,27.0,0.6,84
2022-10-07,25.4,3.7,89
2022-10-08,25.0,7.7,83
2022-10-09,23.9,28.1,82
2022-10-10,21.9,0.0,63
2022-10-11,21.8,0.0,66
2022-10-12,22.5,0.0,66
2022-10-13,22.7,0.0,68
2022-10-14,23.1,0.0,61
2022-10-15,23.6,0.0,56
2022-10-16,23.9,0.0,64
2022-10-17,24.8,0.0,55
2022-10-18,24.1,0.0,48
2022-10-19,20.4,0.6,57
2022-10-20,18.3,14.0,88
2022-10-21,20.4,8.6,91
2022-10-22,24.6,0.0,82
2022-10-23,26.0,0.0,78
2022-10-24,25.9,0.3,78
2022-10-25,25.4,0.5,81
2022-10-26,25.0,1.7,85
2022-10-27,25.5,0.0,79
2022-10-28,25.3,0.1,79
2022-10-29,24.6,0.0,77
2022-10-30,24.7,0.0,71
2022-10-31,24.3,0.0,57
2022-11-01,22.7,0.0,61
2022-11-02,21.8,0.0,65
2022-11-03,22.1,0.0,69
2022-11-04,23.3,0.0,69
2022-11-05,22.8,0.0,71
2022-11-06,22.0,0.0,75
2022-11-07,22.4,0.0,80
2022-11-08,23.0,0.1,78
2022-11-09,23.5,0.0,79
2022-11-10,24.0,0.2,83
2022-11-11,24.6,1.0,84
2022-11-12,25.4,0.6,82
2022-11-13,25.0,1.6,83
2022-11-14,25.1,0.3,83
2022-11-15,25.2,0.8,84
2022-11-16,25.7,2.8,84
2022-11-17,25.9,1.7,83
2022-11-18,26.1,2.2,84
2022-11-19,24.4,17.8,88
2022-11-20,24.6,0.0,75
2022-11-21,24.6,0.0,78
2022-11-22,25.5,0.0,77
2022-11-23,25.1,2.6,82
2022-11-24,22.9,25.0,87
2022-11-25,22.7,5.8,91
2022-11-26,23.5,4.0,91
2022-11-27,25.9,1.6,85
2022-11-28,27.1,0.0,83
2022-11-29,27.1,0.7,85
2022-11-30,23.6,25.4,84
2022-12-01,14.1,5.8,76
2022-12-02,13.5,0.6,66
2022-12-03,16.4,0.0,69
2022-12-04,16.9,0.6,76
2022-12-05,16.0,0.9,66
2022-12-06,15.8,0.0,67
2022-12-07,16.2,0.0,70
2022-12-08,17.2,0.0,73
2022-12-09,17.2,0.5,76
2022-12-10,17.4,3.5,80
2022-12-11,17.3,0.0,66
2022-12-12,17.3,0.0,59
2022-12-13,15.6,0.0,62
2022-12-14,16.2,0.0,54
2022-12-15,15.2,0.0,66
2022-12-16,17.4,0.0,68
2022-12-17,16.6,0.0,39
2022-12-18,14.8,0.0,36
2022-12-19,13.0,0.0,53
2022-12-20,14.8,0.0,70
2022-12-21,17.7,0.0,49
2022-12-22,16.8,0.0,60
2022-12-23,18.0,0.0,52
2022-12-24,17.2,0.0,54
2022-12-25,17.2,0.0,69
2022-12-26,17.8,0.3,81
2022-12-27,19.3,0.1,73
2022-12-28,15.2,2.5,72
2022-12-29,13.1,0.1,59
2022-12-30,13.1,0.0,60
2022-12-31,14.6,0.0,62
2023-01-01,15.4,0.0,65
2023-01-02,15.8,0.1,72
2023-01-03,16.1,0.1,68
2023-01-04,18.0,0.0,68
2023-01-05,18.3,0.0,77
2023-01-06,19.1,0.0,61
2023-01-07,17.1,0.5,60
2023-01-08,17.5,0.0,70
2023-01-09,18.8,0.0,77
2023-01-10,18.7,4.9,88
2023-01-11,19.8,0.6,86
2023-01-12,19.4,0.0,87
2023-01-13,22.1,0.0,81
2023-01-14,22.7,0.0,78
2023-01-15,18.1,0.0,63
2023-01-16,12.6,0.0,47
2023-01-17,12.6,0.0,50
2023-01-18,13.2,0.0,48
2023-01-19,14.1,0.0,55
2023-01-20,15.3,0.0,59
2023-01-21,15.8,0.0,74
2023-01-22,16.8,0.0,86
2023-01-23,18.7,2.8,83
2023-01-24,15.5,0.5,45
2023-01-25,13.1,0.0,54
2023-01-26,16.0,0.1,74
2023-01-27,15.2,0.9,54
2023-01-28,13.5,0.0,40
2023-01-29,13.7,0.0,46
2023-01-30,14.1,0.0,59
2023-01-31,15.7,0.0,70
2023-02-01,17.8,0.0,81
2023-02-02,20.6,1.4,87
2023-02-03,19.9,5.5,95
2023-02-04,20.7,2.7,90
2023-02-05,20.3,17.6,93
2023-02-06,20.5,3.4,90
2023-02-07,21.3,3.3,91
2023-02-08,21.6,3.3,91
2023-02-09,21.9,5.4,92
2023-02-10,23.3,1.7,85
2023-02-11,23.7,1.0,87
2023-02-12,24.5,0.2,84
2023-02-13,24.1,1.8,84
2023-02-14,17.3,3.3,65
2023-02-15,16.2,0.7,61
2023-02-16,16.8,0.0,66
2023-02-17,17.6,0.0,76
2023-02-18,19.4,0.1,80
2023-02-19,19.8,3.0,78
2023-02-20,20.2,0.0,64
2023-02-21,20.1,0.0,73
2023-02-22,19.7,0.2,74
2023-02-23,20.2,0.0,75
2023-02-24,19.3,0.9,70
2023-02-25,18.8,0.0,49
2023-02-26,17.2,0.0,54
2023-02-27,17.1,0.0,66
2023-02-28,18.0,0.0,75
2023-03-01,19.4,0.2,80
2023-03-02,21.3,0.0,68
2023-03-03,20.5,0.2,73
2023-03-04,20.2,0.0,70
2023-03-05,20.4,0.0,73
2023-03-06,20.7,0.0,77
2023-03-07,21.4,0.0,74
2023-03-08,21.8,0.0,78
2023-03-09,23.1,0.0,74
2023-03-10,23.1,0.0,73
2023-03-11,22.5,0.2,77
2023-03-12,23.1,4.1,75
2023-03-13,18.4,2.3,59
2023-03-14,20.2,0.0,67
2023-03-15,21.1,0.3,84
2023-03-16,23.3,0.2,77
2023-03-17,23.5,0.4,80
2023-03-18,23.5,0.3,79
2023-03-19,23.7,0.3,79
2023-03-20,24.5,0.7,82
2023-03-21,26.4,0.0,81
2023-03-22,28.4,0.0,72
2023-03-23,28.5,0.0,73
2023-03-24,27.4,1.8,77
2023-03-25,25.1,7.9,85
2023-03-26,20.9,12.1,79
2023-03-27,19.2,2.9,77
2023-03-28,19.0,0.3,77
2023-03-29,20.2,0.2,77
2023-03-30,20.5,1.6,80
2023-03-31,21.9,0.4,83
2023-04-01,22.7,1.4,89
2023-04-02,25.3,1.6,89
2023-04-03,26.5,1.2,83
2023-04-04,27.0,0.1,83
2023-04-05,27.2,0.0,81
2023-04-06,26.4,0.3,77
2023-04-07,23.8,0.0,62
2023-04-08,20.6,2.3,80
2023-04-09,19.8,0.3,80
2023-04-10,21.8,0.9,86
2023-04-11,24.3,1.8,89
2023-04-12,25.4,3.7,88
2023-04-13,25.3,4.0,91
2023-04-14,25.8,3.7,90
2023-04-15,25.7,18.0,85
2023-04-16,25.5,0.0,81
2023-04-17,25.7,0.5,86
2023-04-18,27.5,0.3,86
2023-04-19,28.1,0.0,82
2023-04-20,27.7,0.1,83
2023-04-21,28.0,0.2,83
2023-04-22,28.6,0.0,81
2023-04-23,28.5,0.4,82
2023-04-24,27.1,6.3,86
2023-04-25,22.4,3.4,75
2023-04-26,22.9,0.0,66
2023-04-27,24.2,0.0,78
2023-04-28,26.5,0.8,84
2023-04-29,25.5,7.9,83
2023-04-30,21.6,2.6,77
2023-05-01,23.7,0.0,77
2023-05-02,25.5,0.1,82
2023-05-03,27.2,0.5,83
2023-05-04,28.7,0.1,82
2023-05-05,30.4,0.0,77
2023-05-06,32.3,0.0,70
2023-05-07,30.9,0.0,75
2023-05-08,25.3,6.6,80
2023-05-09,25.1,1.2,81
2023-05-10,26.9,11.9,87
2023-05-11,25.0,34.1,92
2023-05-12,23.7,17.3,73
2023-05-13,22.2,13.7,81
2023-05-14,23.5,0.0,77
2023-05-15,25.6,0.0,81
2023-05-16,28.8,0.0,79
2023-05-17,30.8,0.0,70
2023-05-18,30.9,0.0,66
2023-05-19,30.5,0.0,75
2023-05-20,30.7,0.0,77
2023-05-21,31.6,0.0,74
2023-05-22,32.1,0.0,72
2023-05-23,29.5,15.9,78
2023-05-24,27.7,19.2,86
2023-05-25,27.3,12.3,89
2023-05-26,28.6,4.4,83
2023-05-27,28.7,5.2,82
2023-05-28,28.6,1.1,82
2023-05-29,29.0,0.7,83
2023-05-30,30.1,0.0,78
2023-05-31,30.4,0.0,77
2023-06-01,31.2,0.0,78
2023-06-02,31.9,0.0,74
2023-06-03,29.5,8.5,83
2023-06-04,29.0,10.1,85
2023-06-05,28.8,6.8,84
2023-06-06,27.5,26.4,87
2023-06-07,28.6,10.6,83
2023-06-08,28.8,7.1,85
2023-06-09,28.6,13.0,79
2023-06-10,29.8,0.4,77
2023-06-11,30.6,0.0,77
2023-06-12,29.8,8.6,81
2023-06-13,28.4,19.8,87
2023-06-14,27.9,26.5,85
2023-06-15,28.7,11.2,85
2023-06-16,29.4,11.7,85
2023-06-17,30.3,5.5,80
2023-06-18,28.9,6.8,84
2023-06-19,29.6,0.5,81
2023-06-20,30.1,2.1,81
2023-06-21,30.3,2.2,81
2023-06-22,29.7,2.4,86
2023-06-23,27.7,17.0,88
2023-06-24,26.2,44.3,94
2023-06-25,26.2,38.2,90
2023-06-26,25.6,9.1,93
2023-06-27,27.1,19.3,86
2023-06-28,28.7,2.3,81
2023-06-29,30.0,0.2,79
2023-06-30,31.2,0.1,78
2023-07-01,31.7,0.6,76
2023-07-02,31.2,1.8,76
2023-07-03,30.2,20.9,80
2023-07-04,30.1,14.8,77
2023-07-05,29.6,3.9,82
2023-07-06,31.1,0.1,75
2023-07-07,31.9,0.0,73
2023-07-08,30.9,4.7,78
2023-07-09,30.6,0.1,77
2023-07-10,31.0,0.0,74
2023-07-11,31.4,0.6,73
2023-07-12,31.8,0.1,71
2023-07-13,31.7,0.0,70
2023-07-14,30.9,7.0,77
2023-07-15,29.3,9.8,82
2023-07-16,30.1,1.8,75
2023-07-17,31.6,0.0,65
2023-07-18,28.2,7.2,71
2023-07-19,26.8,6.5,86
2023-07-20,26.6,23.9,91
2023-07-21,28.2,7.6,86
2023-07-22,29.4,1.5,81
2023-07-23,30.1,0.0,77
2023-07-24,30.0,0.3,77
2023-07-25,30.4,0.0,74
2023-07-26,30.9,0.0,74
2023-07-27,31.0,0.3,78
2023-07-28,29.1,17.4,83
2023-07-29,30.1,5.8,80
2023-07-30,28.9,17.8,85
2023-07-31,27.6,25.4,90
2023-08-01,27.9,47.1,90
2023-08-02,27.4,19.8,89
2023-08-03,27.3,26.5,90
2023-08-04,27.2,24.0,91
2023-08-05,27.5,16.8,90
2023-08-06,27.8,1.4,90
2023-08-07,28.2,9.4,85
2023-08-08,27.9,22.9,88
2023-08-09,29.1,4.2,85
2023-08-10,28.7,8.0,89
2023-08-11,27.7,29.7,91
2023-08-12,27.7,16.1,90
2023-08-13,28.1,6.7,88
2023-08-14,28.1,14.4,90
2023-08-15,27.7,22.0,89
2023-08-16,28.6,17.1,86
2023-08-17,30.3,1.7,83
2023-08-18,30.4,3.3,82
2023-08-19,27.3,16.6,91
2023-08-20,26.7,32.3,93
2023-08-21,28.4,12.5,87
2023-08-22,29.2,3.6,84
2023-08-23,28.8,31.0,87
2023-08-24,27.0,27.1,91
2023-08-25,27.5,14.0,89
2023-08-26,28.5,26.5,89
2023-08-27,29.8,2.4,83
2023-08-28,27.9,4.7,83
2023-08-29,28.1,0.0,77
2023-08-30,27.9,0.0,70
2023-08-31,28.2,0.0,69
2023-09-01,28.6,0.3,72
2023-09-02,29.6,0.0,71
2023-09-03,26.5,0.7,78
2023-09-04,26.3,1.7,81
2023-09-05,28.2,0.2,79
2023-09-06,29.0,2.7,82
2023-09-07,29.9,0.5,79
2023-09-08,28.4,5.1,84
2023-09-09,27.7,5.4,88
2023-09-10,27.6,9.7,89
2023-09-11,27.6,11.9,90
2023-09-12,27.4,23.8,91
2023-09-13,26.0,24.7,89
2023-09-14,24.3,26.7,91
2023-09-15,25.1,11.8,87
2023-09-16,26.0,12.9,88
2023-09-17,26.3,19.9,90
2023-09-18,27.2,3.2,88
2023-09-19,27.9,0.4,86
2023-09-20,28.4,1.6,85
2023-09-21,28.7,0.7,85
2023-09-22,28.7,0.0,84
2023-09-23,28.7,0.0,82
2023-09-24,27.7,2.8,87
2023-09-25,27.2,9.7,87
2023-09-26,25.6,40.3,91
2023-09-27,25.3,43.3,93
2023-09-28,25.1,39.9,94
2023-09-29,26.5,6.6,90
2023-09-30,27.5,6.7,86
2023-10-01,28.3,0.0,81
2023-10-02,27.9,0.1,82
2023-10-03,28.0,0.1,81
2023-10-04,28.8,0.0,80
2023-10-05,29.1,0.0,80
2023-10-06,28.5,13.5,84
2023-10-07,25.9,18.8,83
2023-10-08,25.6,0.0,66
2023-10-09,25.7,0.0,64
2023-10-10,25.4,0.4,66
2023-10-11,25.1,0.0,67
2023-10-12,24.3,0.2,78
2023-10-13,25.3,0.3,77
2023-10-14,25.5,0.1,73
2023-10-15,24.6,0.0,68
2023-10-16,25.4,0.0,69
2023-10-17,26.1,0.0,70
2023-10-18,26.6,0.0,73
2023-10-19,27.1,0.0,76
2023-10-20,27.1,0.0,60
2023-10-21,24.5,0.0,51
2023-10-22,23.8,0.0,66
2023-10-23,24.5,0.0,76
2023-10-24,25.7,0.0,78
2023-10-25,26.9,0.0,73
2023-10-26,27.1,0.0,71
2023-10-27,27.0,0.1,74
2023-10-28,26.0,11.3,82
2023-10-29,24.1,9.7,85
2023-10-30,24.6,0.0,71
2023-10-31,24.6,0.0,72
2023-11-01,24.4,0.0,77
2023-11-02,24.6,0.0,79
2023-11-03,26.0,0.1,81
2023-11-04,26.4,1.3,85
2023-11-05,27.2,0.4,82
2023-11-06,25.6,6.7,85
2023-11-07,24.1,0.2,78
2023-11-08,25.4,0.0,81
2023-11-09,26.7,0.1,83
2023-11-10,27.3,0.2,83
2023-11-11,27.1,0.3,85
2023-11-12,24.7,11.6,89
2023-11-13,16.7,15.5,81
2023-11-14,17.9,0.0,70
2023-11-15,19.8,0.0,76
2023-11-16,19.8,1.1,62
2023-11-17,18.9,0.0,57
2023-11-18,18.6,0.0,61
2023-11-19,19.1,0.0,66
2023-11-20,19.2,0.0,74
2023-11-21,19.7,0.0,77
2023-11-22,20.4,0.2,83
2023-11-23,22.2,0.0,81
2023-11-24,23.1,0.5,78
2023-11-25,22.7,0.0,78
2023-11-26,22.5,0.0,78
2023-11-27,22.8,0.1,76
2023-11-28,21.8,0.0,75
2023-11-29,22.4,0.0,80
2023-11-30,23.4,0.5,80
2023-12-01,19.9,1.3,72
2023-12-02,18.5,0.6,69
2023-12-03,19.0,0.4,76
2023-12-04,19.2,0.0,73
2023-12-05,20.4,0.0,77
2023-12-06,20.2,3.7,79
2023-12-07,19.7,0.0,65
2023-12-08,20.7,0.0,72
2023-12-09,22.8,0.0,82
2023-12-10,24.4,1.0,88
2023-12-11,25.0,2.4,88
2023-12-12,24.7,0.1,86
2023-12-13,23.6,0.5,83
2023-12-14,24.2,1.0,85
2023-12-15,25.1,0.5,83
2023-12-16,18.7,5.9,67
2023-12-17,12.9,0.6,64
2023-12-18,14.8,0.1,66
2023-12-19,13.8,0.5,65
2023-12-20,14.1,0.0,54
2023-12-21,13.7,0.0,46
2023-12-22,11.9,0.0,44
2023-12-23,12.7,0.0,46
2023-12-24,14.0,0.0,45
2023-12-25,14.1,0.0,46
2023-12-26,15.0,0.0,63
2023-12-27,16.8,0.0,75
2023-12-28,18.4,0.0,77
2023-12-29,20.4,0.0,76
2023-12-30,21.1,1.2,80
2023-12-31,21.8,0.5,79
